{
  "name": "DS18B20_INT",
  "keywords": "DS18B20,Dallas,Temperature,sensor,asynchronuous",
  "description": "Library for DS18B20 restricted to a single sensor per pin. Uses only integer math (no float)",
  "authors":
  [
    {
      "name": "Rob Tillaart",
      "email": "Rob.Tillaart@gmail.com",
      "maintainer": true
    }
  ],
  "repository":
  {
    "type": "git",
    "url": "https://github.com/RobTillaart/DS18B20_INT.git"
  },
  "version": "0.1.5",
  "license": "MIT",
  "frameworks": "arduino",
  "platforms": "*"
}
