{
  "name": "Cozir",
  "keywords": "Cozir, CO2, sensor, polling",
  "description": "Arduino library for COZIR range of CO2 sensors. Polling mode only.",
  "authors":
  [
    {
      "name": "DirtGambit"
    },
    {
      "name": "Rob Tillaart",
      "email": "Rob.Tillaart@gmail.com",
      "maintainer": true
    }
  ],
  "repository":
  {
    "type": "git",
    "url": "https://github.com/RobTillaart/Cozir.git"
  },
  "version": "0.2.6",
  "license": "MIT",
  "frameworks": "arduino",
  "platforms": "*"
}
